flightId,timestamp,lat,lon,probability
34,09:44:06,48.99892,9.06881,0.05725875
34,09:44:07,48.99906,9.06848,0.05883913
34,09:44:08,48.99918,9.06813,0.06629598
34,09:44:09,48.99926,9.06774,0.07080489
34,09:44:10,48.99931,9.06734,0.069284536
34,09:44:11,48.99931,9.06692,0.06745379
34,09:44:13,48.99917,9.06613,0.06487299
34,09:44:15,48.99889,9.06546,0.05890509
34,09:44:16,48.99871,9.0652,0.06589759
34,09:44:17,48.9985,9.06499,0.063060805
34,09:44:19,48.99805,9.06474,0.06751174
34,09:44:20,48.99782,9.0647,0.07470274
34,09:44:21,48.99758,9.06472,0.07156743
34,09:44:22,48.99735,9.0648,0.079282016
34,09:44:23,48.99714,9.06493,0.07647371
34,09:44:24,48.99695,9.06509,0.08525774
34,09:44:25,48.99678,9.0653,0.08114675
34,09:44:26,48.99664,9.06553,0.08540622
34,09:44:27,48.99653,9.0658,0.080475345
34,09:44:28,48.99646,9.06608,0.08377319
34,09:44:29,48.99642,9.06637,0.082186155
34,09:44:30,48.9964,9.06667,0.08406835
34,09:44:31,48.9964,9.06698,0.07388931
34,09:44:32,48.99641,9.06729,0.07255553
34,09:44:33,48.99641,9.0676,0.07047046
34,09:44:35,48.99642,9.0682,0.07271076
34,09:44:36,48.99643,9.06851,0.0759704
34,09:44:37,48.99643,9.0688,0.07063713
34,09:44:38,48.99644,9.06911,0.07347094
34,09:44:39,48.99644,9.0694,0.07321138
34,09:44:40,48.99645,9.06969,0.0779759
34,09:44:41,48.99645,9.06997,0.08026544
34,09:44:42,48.99646,9.07026,0.08694922
34,09:44:43,48.99646,9.07054,0.08815901
34,09:44:44,48.99647,9.07083,0.0960126
34,09:44:45,48.99647,9.07111,0.09232092
34,09:44:46,48.99647,9.0714,0.087437876
34,09:44:47,48.99647,9.07168,0.09139741
34,09:44:48,48.99646,9.07196,0.09929088
34,09:44:49,48.99645,9.07226,0.10469459
34,09:44:51,48.99642,9.07284,0.10534613
34,09:44:52,48.99641,9.07313,0.099980004
34,09:44:53,48.9964,9.07341,0.09773363
34,09:44:55,48.99639,9.07396,0.09911643
34,09:44:56,48.99639,9.07423,0.108044975
34,09:44:57,48.99639,9.07451,0.12647912
34,09:44:58,48.9964,9.07479,0.14643437
34,09:44:59,48.99644,9.07505,0.14997418
34,09:45:00,48.99653,9.07528,0.15440002
34,09:45:01,48.99667,9.07549,0.15004583
34,09:45:02,48.99683,9.07564,0.16740309
34,09:45:03,48.99703,9.07573,0.16664639
34,09:45:04,48.99724,9.07574,0.16590485
34,09:45:05,48.99747,9.07567,0.15206718
34,09:45:07,48.9979,9.07528,0.16068189
34,09:45:08,48.99809,9.07497,0.2024114
34,09:45:09,48.99823,9.0746,0.18888855
34,09:45:10,48.99833,9.07418,0.23987016
34,09:45:11,48.99838,9.07374,0.21136495
34,09:45:12,48.99838,9.07329,0.24455203
34,09:45:13,48.99832,9.07285,0.23059611
34,09:45:14,48.99821,9.07245,0.1913804
34,09:45:15,48.99806,9.07209,0.18249398
34,09:45:16,48.99787,9.0718,0.2078863
34,09:45:17,48.99767,9.07158,0.17380923
34,09:45:18,48.99744,9.07143,0.19949436
34,09:45:19,48.99721,9.07136,0.19586095
34,09:45:20,48.99698,9.07137,0.16175453
34,09:45:21,48.99678,9.07145,0.1934753
34,09:45:23,48.99644,9.07179,0.19333279
34,09:45:24,48.99632,9.07203,0.16681612
34,09:45:25,48.99624,9.07229,0.18711339
34,09:45:26,48.99619,9.07257,0.16214475
34,09:45:28,48.99615,9.07317,0.15423198
34,09:45:29,48.99615,9.07347,0.17818485
34,09:45:30,48.99617,9.07378,0.18025906
34,09:45:31,48.99619,9.07409,0.21255437
34,09:45:32,48.99622,9.07441,0.23183489
34,09:45:33,48.99626,9.07472,0.27455512
34,09:45:34,48.9963,9.07504,0.2774463
34,09:45:35,48.99633,9.07535,0.27766755
34,09:45:36,48.99637,9.07565,0.34981325
34,09:45:37,48.99639,9.07596,0.39157012
34,09:45:39,48.99643,9.07657,0.5043941
34,09:45:40,48.99643,9.07687,0.53871036
34,09:45:41,48.99644,9.07717,0.570008
34,09:45:42,48.99644,9.07746,0.6267736
34,09:45:43,48.99643,9.07775,0.6458616
34,09:45:44,48.99643,9.07804,0.6778096
34,09:45:45,48.99643,9.07832,0.68820256
34,09:45:46,48.99642,9.07861,0.7135244
34,09:45:47,48.99642,9.07889,0.72214097
34,09:45:48,48.99641,9.07919,0.74217683
34,09:45:49,48.99641,9.07947,0.7332594
34,09:45:50,48.9964,9.07976,0.73709023
34,09:45:51,48.9964,9.08005,0.74428093
34,09:45:52,48.99639,9.08035,0.7479101
34,09:45:53,48.99639,9.08064,0.77120507
34,09:45:55,48.99638,9.08122,0.7801965
34,09:45:56,48.99637,9.08152,0.7990868
34,09:45:57,48.99636,9.08182,0.8142266
34,09:45:58,48.99635,9.08213,0.8312841
34,09:45:59,48.99633,9.08244,0.83775574
34,09:46:00,48.99632,9.08275,0.84591055
34,09:46:01,48.9963,9.08306,0.84382653
34,09:46:02,48.99628,9.08337,0.8510602
34,09:46:03,48.99625,9.08368,0.85082173
34,09:46:04,48.99623,9.08398,0.844317
34,09:46:05,48.99619,9.08427,0.8312395
34,09:46:06,48.99617,9.08456,0.80047
34,09:46:07,48.99614,9.08483,0.8003751
34,09:46:08,48.99612,9.0851,0.7895082
34,09:46:09,48.99609,9.08537,0.7884241
34,09:46:11,48.99604,9.08589,0.7982511
34,09:46:12,48.99602,9.08617,0.81502926
34,09:46:13,48.996,9.08645,0.8302434
34,09:46:14,48.99598,9.08673,0.8416802
34,09:46:15,48.99595,9.08701,0.83334625
34,09:46:16,48.99593,9.08731,0.83992803
34,09:46:17,48.9959,9.0876,0.837738
34,09:46:18,48.99589,9.08788,0.83460104
34,09:46:19,48.99587,9.08817,0.838589
34,09:46:20,48.99585,9.08844,0.841453
34,09:46:21,48.99584,9.08871,0.8452662
34,09:46:22,48.99583,9.08898,0.8343546
34,09:46:23,48.99582,9.08926,0.83802587
34,09:46:24,48.99581,9.08953,0.8460878
34,09:46:25,48.99581,9.0898,0.8531721
34,09:46:27,48.9958,9.09036,0.8437226
34,09:46:28,48.99579,9.09063,0.8462476
34,09:46:29,48.99579,9.09091,0.85197306
34,09:46:30,48.99579,9.09119,0.85747045
34,09:46:31,48.99578,9.09146,0.8604264
34,09:46:32,48.99578,9.09173,0.8642638
34,09:46:33,48.99577,9.09201,0.86812264
34,09:46:34,48.99577,9.09228,0.87342954
34,09:46:35,48.99576,9.09255,0.8793294
34,09:46:36,48.99575,9.09283,0.88389057
34,09:46:37,48.99575,9.09311,0.8855322
34,09:46:38,48.99574,9.09337,0.88345885
34,09:46:39,48.99573,9.09365,0.8887481
34,09:46:40,48.99573,9.09393,0.89371413
34,09:46:41,48.99572,9.0942,0.90038306
34,09:46:43,48.99571,9.09476,0.90994906
34,09:46:44,48.9957,9.09503,0.9099023
34,09:46:45,48.9957,9.09531,0.90921336
34,09:46:46,48.99569,9.09558,0.9096441
34,09:46:47,48.99569,9.09585,0.9110525
34,09:46:48,48.99568,9.09613,0.92119
34,09:46:49,48.99568,9.09641,0.92877877
34,09:46:50,48.99567,9.09669,0.9335593
34,09:46:51,48.99567,9.09698,0.9388094
34,09:46:52,48.99567,9.09726,0.9441944
34,09:46:53,48.99567,9.09755,0.948447
34,09:46:54,48.99569,9.09783,0.946591
34,09:46:54,48.99569,9.09783,0.946591
34,09:46:55,48.99572,9.09811,0.9456358
34,09:46:56,48.99579,9.09837,0.9421281
34,09:46:57,48.9959,9.09861,0.9365537
34,09:46:59,48.99624,9.09897,0.9233327
34,09:47:00,48.99645,9.09906,0.92098576
34,09:47:01,48.99668,9.0991,0.9181531
34,09:47:02,48.99692,9.0991,0.9072521
34,09:47:03,48.99716,9.09906,0.92708683
34,09:47:04,48.99741,9.09901,0.9221198
34,09:47:05,48.99766,9.09896,0.92150617
34,09:47:06,48.99789,9.0989,0.91755384
34,09:47:07,48.99814,9.09882,0.92025167
34,09:47:08,48.99837,9.09876,0.89996046
34,09:47:09,48.9986,9.09871,0.9031163
34,09:47:10,48.99883,9.09866,0.86924416
34,09:47:11,48.99905,9.0986,0.8807481
34,09:47:12,48.99928,9.09849,0.90507
34,09:47:13,48.99948,9.0983,0.91229486
34,09:47:15,48.99981,9.09772,0.9312643
34,09:47:16,48.99993,9.09733,0.94237775
34,09:47:17,49.00001,9.0969,0.9390321
34,09:47:18,49.00006,9.09644,0.9476315
34,09:47:19,49.00009,9.09598,0.9388684
34,09:47:20,49.00011,9.09551,0.9444239
34,09:47:21,49.00014,9.09506,0.93404096
34,09:47:22,49.00016,9.0946,0.9372336
34,09:47:23,49.00018,9.09415,0.9146565
34,09:47:24,49.0002,9.09371,0.90215766
34,09:47:25,49.00022,9.09328,0.846127
34,09:47:26,49.00025,9.09285,0.8317822
34,09:47:27,49.00028,9.09242,0.8053384
34,09:47:28,49.0003,9.092,0.6742729
34,09:47:29,49.00033,9.09158,0.5886925
34,09:47:31,49.00039,9.09076,0.35491207
34,09:47:32,49.00041,9.09036,0.23495872
34,09:47:33,49.00044,9.08995,0.1798803
34,09:47:34,49.00048,9.08954,0.1086072
34,09:47:35,49.00051,9.08913,0.07692439
34,09:47:36,49.00055,9.08871,0.040480353
34,09:47:37,49.00058,9.08829,0.028073397
34,09:47:38,49.00061,9.08788,0.012627951
34,09:47:39,49.00065,9.08746,0.008072572
34,09:47:40,49.00068,9.08706,0.003244002
34,09:47:41,49.00071,9.08664,0.0019049358
34,09:47:42,49.00075,9.08623,0.00092031894
34,09:47:43,49.00079,9.08582,0.00089292304
34,09:47:44,49.00083,9.08543,0.0005797424
34,09:47:45,49.00087,9.08504,0.00022338805
34,09:47:47,49.00095,9.08431,6.0374303e-05
34,09:47:48,49.00098,9.08397,3.9896127e-05
34,09:47:49,49.00102,9.08365,1.6740361e-05
34,09:47:50,49.00105,9.08335,1.34389165e-05
34,09:47:51,49.00108,9.08306,6.1236365e-06
34,09:47:52,49.0011,9.08279,4.9481555e-06
34,09:47:53,49.00112,9.08254,2.4231128e-06
34,09:47:54,49.00113,9.0823,2.005899e-06
34,09:47:55,49.00115,9.08207,5.4920156e-07
34,09:47:56,49.00117,9.08186,2.6092619e-07
34,09:47:57,49.00118,9.08166,2.502697e-07
34,09:47:58,49.00119,9.08147,2.1493967e-07
34,09:47:59,49.00121,9.0813,2.0805369e-07
34,09:48:00,49.00122,9.08113,1.55157e-07
34,09:48:01,49.00124,9.08098,9.0364715e-08
34,09:48:03,49.00128,9.0807,2.5385393e-08
34,09:48:04,49.00131,9.08057,1.7715136e-08
34,09:48:05,49.00133,9.08045,1.0656399e-08
34,09:48:06,49.00134,9.08034,6.5349335e-09
34,09:48:07,49.00136,9.08025,4.371101e-09
34,09:48:08,49.00138,9.08016,2.8772484e-09
34,09:48:09,49.0014,9.08008,2.0518496e-09
34,09:48:10,49.00141,9.08001,1.6201926e-09
34,09:48:11,49.00143,9.07995,1.1306087e-09
34,09:48:12,49.00144,9.0799,8.2755136e-10
34,09:48:13,49.00144,9.07989,6.010519e-10
35,10:01:20,49.00908,9.07676,0.22845608
35,10:01:21,49.00893,9.07693,0.21175474
35,10:01:23,49.00873,9.07737,0.17977205
35,10:01:24,49.00869,9.07762,0.16979504
35,10:01:25,49.00871,9.07788,0.1596133
35,10:01:26,49.00875,9.07814,0.1391488
35,10:01:27,49.00879,9.0784,0.10010129
35,10:01:28,49.00885,9.07866,0.09309208
35,10:01:29,49.00891,9.07891,0.08141107
35,10:01:30,49.00896,9.07917,0.06833265
35,10:01:31,49.00901,9.07942,0.065769
35,10:01:32,49.00905,9.07967,0.058156207
35,10:01:33,49.0091,9.07993,0.055712283
35,10:01:34,49.00913,9.08018,0.05257807
35,10:01:35,49.00915,9.08044,0.054441534
35,10:01:36,49.00917,9.0807,0.053467955
35,10:01:37,49.00919,9.08096,0.055140976
35,10:01:39,49.0092,9.0815,0.05220802
35,10:01:40,49.0092,9.08178,0.053216044
35,10:01:41,49.0092,9.08206,0.056788787
35,10:01:42,49.00921,9.08234,0.06576044
35,10:01:43,49.00921,9.08262,0.059889626
35,10:01:43,49.00921,9.08262,0.059889626
35,10:01:44,49.00921,9.0829,0.053361855
35,10:01:45,49.00921,9.08319,0.053353056
35,10:01:46,49.00921,9.08348,0.05702324
35,10:01:47,49.0092,9.08377,0.057689764
35,10:01:48,49.0092,9.08406,0.05901398
35,10:01:49,49.00919,9.08434,0.057403438
35,10:01:50,49.00918,9.08463,0.06081069
35,10:01:51,49.00918,9.08491,0.059467506
35,10:01:52,49.00917,9.08518,0.058136556
35,10:01:53,49.00915,9.08545,0.059996095
35,10:01:55,49.00913,9.08598,0.06398761
35,10:01:56,49.00913,9.08625,0.066583574
35,10:01:57,49.00913,9.08651,0.064206265
35,10:01:58,49.00913,9.08678,0.066570394
35,10:01:59,49.00913,9.08705,0.06184965
35,10:02:00,49.00913,9.08732,0.057552792
35,10:02:01,49.00912,9.0876,0.053708874
35,10:02:02,49.00912,9.08787,0.05096833
35,10:02:03,49.00911,9.08815,0.04883116
35,10:02:04,49.0091,9.08843,0.04807791
35,10:02:05,49.00908,9.08871,0.04640317
35,10:02:06,49.00907,9.08899,0.047115233
35,10:02:07,49.00906,9.08927,0.050442107
35,10:02:08,49.00908,9.08955,0.05721828
35,10:02:09,49.00915,9.08981,0.05817139
35,10:02:11,49.00943,9.09022,0.051367167
35,10:02:12,49.00963,9.09034,0.048502803
35,10:02:13,49.00985,9.09038,0.046200525
35,10:02:14,49.01009,9.09034,0.05219559
35,10:02:14,49.01009,9.09034,0.05219559
35,10:02:15,49.01034,9.09022,0.061030477
35,10:02:16,49.01058,9.09008,0.051841166
35,10:02:17,49.01083,9.08993,0.047312368
35,10:02:18,49.01107,9.08978,0.044891685
35,10:02:19,49.01131,9.08962,0.04891765
35,10:02:20,49.01154,9.08946,0.04696971
35,10:02:21,49.01176,9.0893,0.048867665
35,10:02:22,49.01198,9.08915,0.047855426
35,10:02:23,49.01219,9.08902,0.04773273
35,10:02:24,49.01241,9.08889,0.050678242
35,10:02:25,49.01263,9.08878,0.04944752
35,10:02:27,49.01306,9.08871,0.074633576
35,10:02:28,49.01326,9.08877,0.064161435
35,10:02:29,49.01344,9.0889,0.036830947
35,10:02:30,49.01359,9.08907,0.025625866
35,10:02:31,49.0137,9.0893,0.030175231
35,10:02:32,49.01377,9.08955,0.027866188
35,10:02:33,49.01379,9.08982,0.024653845
35,10:02:34,49.01376,9.09009,0.020551857
35,10:02:35,49.0137,9.09034,0.019167129
35,10:02:36,49.0136,9.09057,0.016714301
35,10:02:37,49.01347,9.09078,0.019351143
35,10:02:38,49.01332,9.09095,0.020064646
35,10:02:39,49.01314,9.0911,0.02073616
35,10:02:40,49.01294,9.09122,0.028720982
35,10:02:41,49.01272,9.09131,0.032158278
35,10:02:43,49.01225,9.09141,0.050247803
35,10:02:44,49.012,9.09141,0.068680845
35,10:02:45,49.01174,9.0914,0.09171798
35,10:02:46,49.01148,9.09136,0.09619972
35,10:02:47,49.01121,9.09131,0.12502806
35,10:02:48,49.01094,9.09126,0.13025032
35,10:02:49,49.01066,9.09121,0.15971132
35,10:02:50,49.01038,9.09116,0.15382525
35,10:02:51,49.01011,9.09111,0.16731589
35,10:02:52,49.00983,9.09106,0.15060644
35,10:02:53,49.00956,9.09102,0.15670729
35,10:02:54,49.0093,9.09098,0.13228893
35,10:02:55,49.00905,9.09095,0.13121064
35,10:02:56,49.0088,9.09093,0.13807185
35,10:02:57,49.00855,9.09091,0.12116806
35,10:02:59,49.00808,9.09089,0.11894858
35,10:03:00,49.00784,9.09089,0.13088807
35,10:03:01,49.0076,9.09089,0.1332909
35,10:03:02,49.00735,9.0909,0.15097746
35,10:03:03,49.0071,9.0909,0.13893077
35,10:03:04,49.00685,9.09086,0.13662806
35,10:03:05,49.00659,9.09077,0.10748252
35,10:03:06,49.00633,9.09061,0.10311826
35,10:03:07,49.00609,9.09037,0.09306076
35,10:03:08,49.00589,9.09006,0.091852136
35,10:03:09,49.00573,9.08968,0.09411874
35,10:03:10,49.00561,9.08926,0.10264632
35,10:03:11,49.00554,9.08883,0.09660069
35,10:03:12,49.00552,9.08839,0.102987796
35,10:03:13,49.00554,9.08795,0.11233496
35,10:03:15,49.00565,9.0871,0.18699901
35,10:03:16,49.0057,9.08668,0.19666834
35,10:03:17,49.00577,9.08626,0.20617038
35,10:03:18,49.00583,9.08586,0.22194254
35,10:03:19,49.0059,9.08544,0.24231002
35,10:03:20,49.00596,9.08503,0.25580537
35,10:03:21,49.00604,9.08462,0.2670482
35,10:03:22,49.00611,9.08421,0.30120033
35,10:03:23,49.00618,9.0838,0.33265874
35,10:03:24,49.00626,9.08339,0.38162377
35,10:03:25,49.00633,9.08299,0.41482356
35,10:03:26,49.00641,9.08258,0.4001697
35,10:03:27,49.00647,9.08218,0.399223
35,10:03:28,49.00654,9.08178,0.46751747
35,10:03:29,49.0066,9.08138,0.52710944
35,10:03:31,49.00671,9.08057,0.6295575
35,10:03:32,49.00677,9.08014,0.67150223
35,10:03:33,49.00681,9.07971,0.7105825
35,10:03:34,49.00686,9.07928,0.73933685
35,10:03:35,49.0069,9.07882,0.7518299
35,10:03:36,49.00694,9.07837,0.76246345
35,10:03:37,49.00697,9.07791,0.7656066
35,10:03:38,49.007,9.07746,0.7780694
35,10:03:39,49.00703,9.077,0.7885259
35,10:03:40,49.00706,9.07654,0.7926753
35,10:03:41,49.00708,9.0761,0.7971904
35,10:03:42,49.0071,9.07565,0.7937091
35,10:03:43,49.00713,9.07521,0.79482365
35,10:03:44,49.00715,9.07477,0.80087787
35,10:03:45,49.00718,9.07434,0.8090327
35,10:03:47,49.00723,9.07347,0.829671
35,10:03:48,49.00726,9.07304,0.8367871
35,10:03:49,49.00728,9.07261,0.8472489
35,10:03:50,49.00731,9.07217,0.8527085
35,10:03:51,49.00732,9.07174,0.861194
35,10:03:52,49.00734,9.0713,0.8698693
35,10:03:53,49.00735,9.07087,0.8768816
35,10:03:54,49.00736,9.07044,0.8849352
35,10:03:55,49.00737,9.07001,0.8918871
35,10:03:56,49.00736,9.06958,0.90028703
35,10:03:57,49.00732,9.06917,0.90499306
35,10:03:58,49.00725,9.06876,0.905756
35,10:03:59,49.00715,9.06837,0.9068998
35,10:04:00,49.00702,9.068,0.9126679
35,10:04:01,49.00685,9.06765,0.91852593
35,10:04:03,49.00646,9.06698,0.92964965
35,10:04:04,49.00625,9.06666,0.9366625
35,10:04:05,49.00601,9.06635,0.9409032
35,10:04:06,49.00576,9.06606,0.9452635
35,10:04:07,49.00552,9.06577,0.9485653
35,10:04:08,49.00526,9.06549,0.9509165
35,10:04:09,49.00502,9.06521,0.9513839
35,10:04:10,49.00478,9.06494,0.9511531
35,10:04:11,49.00455,9.06467,0.9491348
35,10:04:12,49.00432,9.06445,0.95193565
35,10:04:13,49.00409,9.06427,0.9511204
35,10:04:14,49.00386,9.06416,0.94766784
35,10:04:15,49.00363,9.06413,0.9475896
35,10:04:16,49.00342,9.06417,0.9457527
35,10:04:17,49.00322,9.06429,0.9435724
35,10:04:19,49.00293,9.06474,0.9374869
35,10:04:20,49.00286,9.06506,0.934908
35,10:04:21,49.00283,9.06542,0.9328102
35,10:04:22,49.00282,9.0658,0.93318295
35,10:04:24,49.00283,9.06656,0.9337414
35,10:04:25,49.00282,9.06691,0.93136245
35,10:04:26,49.00281,9.06725,0.93358475
35,10:04:27,49.00279,9.06757,0.9362653
35,10:04:28,49.00277,9.06787,0.9449333
35,10:04:29,49.00274,9.06817,0.9506064
35,10:04:30,49.00271,9.06846,0.9500236
35,10:04:31,49.00267,9.06874,0.95093113
35,10:04:32,49.00263,9.06903,0.95666045
35,10:04:33,49.00258,9.0693,0.96089494
35,10:04:35,49.00248,9.06986,0.96658915
35,10:04:36,49.00243,9.07014,0.9723945
35,10:04:37,49.00239,9.07042,0.975442
35,10:04:38,49.00235,9.0707,0.9768849
35,10:04:39,49.00231,9.07098,0.977444
35,10:04:40,49.00227,9.07126,0.9785393
35,10:04:41,49.00224,9.07154,0.9803395
35,10:04:42,49.00221,9.07181,0.98251206
35,10:04:43,49.00218,9.07208,0.98343676
35,10:04:44,49.00215,9.07236,0.98371094
35,10:04:45,49.00213,9.07264,0.9838984
35,10:04:46,49.0021,9.07292,0.9825748
35,10:04:47,49.00208,9.0732,0.98197037
35,10:04:48,49.00205,9.07348,0.9814785
35,10:04:49,49.00203,9.07376,0.98097223
35,10:04:51,49.00196,9.07432,0.9757026
35,10:04:52,49.00191,9.07458,0.9788648
35,10:04:53,49.00187,9.07485,0.977228
35,10:04:54,49.00182,9.07511,0.9719113
35,10:04:55,49.00178,9.07538,0.96163106
35,10:04:56,49.00174,9.07565,0.9260235
35,10:04:57,49.00171,9.07592,0.8629058
35,10:04:58,49.00169,9.07619,0.6934525
35,10:04:59,49.00166,9.07647,0.4732778
35,10:05:00,49.00164,9.07676,0.29863548
35,10:05:01,49.00163,9.07706,0.2124734
35,10:05:02,49.00161,9.07737,0.14789943
35,10:05:03,49.0016,9.07768,0.13152589
35,10:05:04,49.00158,9.07799,0.08424333
35,10:05:05,49.00156,9.07831,0.051180318
35,10:05:07,49.00149,9.07893,0.015116253
35,10:05:08,49.00145,9.07922,0.008936527
35,10:05:09,49.00141,9.07952,0.00457068
35,10:05:10,49.00138,9.07981,0.0021527
35,10:05:11,49.00135,9.0801,0.0011655388
35,10:05:11,49.00135,9.0801,0.0011655388
35,10:05:12,49.00133,9.08037,0.0006269281
35,10:05:13,49.00131,9.08063,0.00032888606
35,10:05:14,49.00128,9.08088,0.00019527772
35,10:05:15,49.00127,9.08111,9.287002e-05
35,10:05:16,49.00125,9.08133,5.4763896e-05
35,10:05:17,49.00122,9.08152,3.2169162e-05
35,10:05:18,49.00121,9.0817,2.6846028e-05
35,10:05:19,49.00119,9.08186,2.4259996e-05
35,10:05:20,49.00117,9.08198,1.4143804e-05
35,10:05:21,49.00114,9.0821,7.6044603e-06
35,10:05:23,49.00108,9.08226,3.8060557e-06
35,10:05:23,49.00108,9.08226,3.8060557e-06
35,10:05:24,49.00105,9.08231,3.6681074e-06
35,10:05:25,49.00102,9.08235,2.035652e-06
35,10:05:26,49.00099,9.08238,1.630917e-06
35,10:05:27,49.00097,9.0824,1.1095685e-06
35,10:05:28,49.00095,9.08242,8.6084697e-07
36,10:17:49,49.00169,9.06437,0.08748654
36,10:17:50,49.00193,9.06439,0.049507115
36,10:17:51,49.00216,9.06449,0.05320037
36,10:17:52,49.00238,9.06464,0.05630736
36,10:17:53,49.00256,9.06486,0.05137362
36,10:17:55,49.00278,9.06544,0.05706245
36,10:17:57,49.00287,9.06609,0.07182815
36,10:17:58,49.00287,9.06642,0.07881622
36,10:17:59,49.00286,9.06674,0.08302328
36,10:18:00,49.00283,9.06708,0.08627191
36,10:18:01,49.00281,9.06742,0.08643412
36,10:18:02,49.00279,9.06776,0.08425625
36,10:18:03,49.00276,9.0681,0.09219672
36,10:18:04,49.00273,9.06845,0.0896176
36,10:18:05,49.00269,9.0688,0.102513306
36,10:18:06,49.00267,9.06914,0.10325622
36,10:18:07,49.00266,9.0695,0.10404842
36,10:18:08,49.00267,9.06984,0.115422465
36,10:18:09,49.00269,9.07019,0.11563602
36,10:18:11,49.00279,9.07087,0.12527068
36,10:18:12,49.00288,9.07121,0.13334562
36,10:18:13,49.00298,9.07153,0.12846868
36,10:18:14,49.00311,9.07184,0.12668568
36,10:18:15,49.00326,9.07213,0.13113156
36,10:18:16,49.00344,9.07238,0.12730289
36,10:18:17,49.00363,9.07262,0.12691957
36,10:18:18,49.00384,9.07282,0.1224362
36,10:18:19,49.00407,9.07299,0.112527035
36,10:18:20,49.00431,9.07314,0.108033545
36,10:18:21,49.00456,9.07326,0.10631374
36,10:18:22,49.00483,9.07335,0.11121323
36,10:18:23,49.00509,9.07342,0.11185635
36,10:18:24,49.00536,9.0735,0.11101392
36,10:18:25,49.00564,9.07355,0.109511584
36,10:18:27,49.00618,9.07367,0.1112942
36,10:18:28,49.00644,9.07375,0.10525339
36,10:18:29,49.00669,9.07386,0.097134665
36,10:18:30,49.00692,9.07401,0.08004704
36,10:18:31,49.00712,9.07421,0.06958911
36,10:18:32,49.0073,9.07445,0.059356254
36,10:18:33,49.00742,9.07474,0.048654176
36,10:18:34,49.00751,9.07506,0.04438007
36,10:18:35,49.00755,9.07539,0.044679437
36,10:18:36,49.00756,9.07574,0.04717191
36,10:18:37,49.00755,9.07608,0.050948143
36,10:18:38,49.00751,9.07642,0.053534344
36,10:18:39,49.00746,9.07675,0.05476271
36,10:18:40,49.00738,9.07708,0.061068103
36,10:18:41,49.0073,9.07741,0.07097233
36,10:18:43,49.00713,9.07807,0.089986466
36,10:18:44,49.00705,9.07841,0.09252265
36,10:18:45,49.00696,9.07875,0.07896843
36,10:18:46,49.00688,9.07909,0.07909796
36,10:18:47,49.00679,9.07943,0.07936174
36,10:18:48,49.00671,9.07978,0.08499916
36,10:18:49,49.00666,9.08012,0.09277227
36,10:18:50,49.00667,9.08045,0.07095107
36,10:18:51,49.00674,9.08074,0.07021019
36,10:18:52,49.00686,9.08099,0.072507165
36,10:18:53,49.00704,9.08118,0.07365801
36,10:18:53,49.00704,9.08118,0.07365801
36,10:18:54,49.00725,9.08129,0.07481985
36,10:18:55,49.0075,9.08131,0.098122634
36,10:18:56,49.00777,9.08123,0.10186171
36,10:18:57,49.00804,9.08105,0.10350486
36,10:18:59,49.00853,9.08038,0.10430259
36,10:19:01,49.00885,9.07944,0.11190828
36,10:19:02,49.00892,9.07892,0.10612603
36,10:19:03,49.00895,9.07838,0.11679836
36,10:19:04,49.00891,9.07786,0.11572785
36,10:19:05,49.00882,9.07736,0.12395639
36,10:19:06,49.00867,9.0769,0.118264616
36,10:19:07,49.00848,9.0765,0.11797154
36,10:19:08,49.00824,9.07617,0.11108806
36,10:19:09,49.00797,9.0759,0.110109836
36,10:19:10,49.00767,9.07572,0.10621292
36,10:19:11,49.00736,9.07563,0.10467371
36,10:19:12,49.00705,9.07564,0.10477659
36,10:19:13,49.00676,9.07573,0.100278676
36,10:19:15,49.00625,9.07612,0.095604286
36,10:19:16,49.00605,9.07641,0.09708373
36,10:19:17,49.00589,9.07674,0.08923275
36,10:19:18,49.00577,9.0771,0.090080194
36,10:19:19,49.00568,9.07748,0.08331599
36,10:19:20,49.00561,9.07786,0.082497135
36,10:19:21,49.00554,9.07824,0.0737898
36,10:19:22,49.00548,9.07862,0.07113053
36,10:19:23,49.00541,9.07899,0.067795254
36,10:19:24,49.00535,9.07936,0.07097292
36,10:19:25,49.00528,9.07973,0.07419339
36,10:19:26,49.00521,9.08009,0.07984502
36,10:19:26,49.00521,9.08009,0.07984502
36,10:19:27,49.00515,9.08044,0.081005394
36,10:19:28,49.00509,9.08079,0.08340546
36,10:19:29,49.00503,9.08115,0.08999985
36,10:19:31,49.0049,9.08186,0.09650733
36,10:19:32,49.00484,9.0822,0.09906562
36,10:19:33,49.00478,9.08255,0.10351272
36,10:19:33,49.00478,9.08255,0.10351272
36,10:19:34,49.00472,9.0829,0.10335828
36,10:19:35,49.00466,9.08325,0.105849616
36,10:19:36,49.00461,9.08359,0.10589895
36,10:19:37,49.00455,9.08394,0.1110351
36,10:19:38,49.0045,9.08428,0.10708942
36,10:19:39,49.00445,9.08462,0.11289689
36,10:19:40,49.00441,9.08497,0.11198964
36,10:19:40,49.00441,9.08497,0.11198964
36,10:19:41,49.00438,9.08531,0.11259905
36,10:19:42,49.00435,9.08566,0.109598614
36,10:19:43,49.00432,9.08601,0.10954904
36,10:19:44,49.0043,9.08634,0.10806471
36,10:19:45,49.00432,9.08668,0.10726674
36,10:19:47,49.00447,9.08726,0.111787796
36,10:19:48,49.00461,9.0875,0.10984787
36,10:19:49,49.00479,9.08768,0.10949372
36,10:19:50,49.00501,9.0878,0.10864536
36,10:19:51,49.00525,9.08786,0.11272047
36,10:19:52,49.00551,9.08787,0.13087258
36,10:19:53,49.00579,9.08782,0.14447546
36,10:19:54,49.00607,9.08769,0.16025047
36,10:19:55,49.00635,9.08748,0.15737388
36,10:19:55,49.00635,9.08748,0.15737388
36,10:19:56,49.00663,9.08722,0.1670733
36,10:19:57,49.00689,9.08689,0.1667349
36,10:19:58,49.00712,9.08651,0.19935131
36,10:19:59,49.00732,9.0861,0.19804503
36,10:20:00,49.0075,9.08567,0.19252156
36,10:20:01,49.00765,9.08522,0.26056284
36,10:20:03,49.00787,9.08428,0.23981723
36,10:20:04,49.00794,9.08379,0.36153424
36,10:20:05,49.00799,9.0833,0.3512148
36,10:20:06,49.00802,9.08281,0.5043908
36,10:20:07,49.00806,9.08231,0.4849403
36,10:20:08,49.00809,9.08182,0.6136471
36,10:20:09,49.00812,9.08133,0.60380626
36,10:20:10,49.00815,9.08084,0.6722387
36,10:20:11,49.00817,9.08034,0.6513144
36,10:20:12,49.00821,9.07986,0.69725317
36,10:20:13,49.00825,9.07937,0.6878009
36,10:20:14,49.00829,9.07889,0.7197199
36,10:20:15,49.00834,9.07841,0.72450906
36,10:20:16,49.00839,9.07793,0.7523694
36,10:20:17,49.00844,9.07745,0.75155956
36,10:20:19,49.00855,9.07649,0.7724474
36,10:20:20,49.0086,9.076,0.8057644
36,10:20:20,49.0086,9.076,0.8057644
36,10:20:21,49.00865,9.07551,0.8051408
36,10:20:22,49.00871,9.07502,0.8263347
36,10:20:23,49.00876,9.07454,0.83080125
36,10:20:24,49.00881,9.07405,0.8296453
36,10:20:25,49.00888,9.07357,0.8486851
36,10:20:26,49.00894,9.0731,0.86411935
36,10:20:26,49.00894,9.0731,0.86411935
36,10:20:27,49.00901,9.07262,0.8605234
36,10:20:28,49.00907,9.07216,0.8787869
36,10:20:28,49.00907,9.07216,0.8787869
36,10:20:29,49.00914,9.07169,0.8951492
36,10:20:31,49.00925,9.07073,0.8918027
36,10:20:32,49.0093,9.07025,0.9045453
36,10:20:33,49.00934,9.06977,0.9118044
36,10:20:33,49.00934,9.06977,0.9118044
36,10:20:35,49.00939,9.06878,0.9233323
36,10:20:36,49.00938,9.06827,0.9359578
36,10:20:36,49.00938,9.06827,0.9359578
36,10:20:37,49.00932,9.06777,0.9368729
36,10:20:38,49.00923,9.06728,0.9455954
36,10:20:39,49.0091,9.06682,0.94576794
36,10:20:40,49.00892,9.06637,0.95190334
36,10:20:41,49.00871,9.06595,0.95888877
36,10:20:42,49.00847,9.06558,0.95860213
36,10:20:43,49.0082,9.06525,0.9633405
36,10:20:44,49.0079,9.06496,0.9634425
36,10:20:45,49.0076,9.06471,0.96655625
36,10:20:46,49.00729,9.06448,0.96697026
36,10:20:47,49.00698,9.06426,0.9680325
36,10:20:48,49.00667,9.06405,0.97118676
36,10:20:49,49.00637,9.06385,0.9739093
36,10:20:51,49.00576,9.06345,0.9774229
36,10:20:52,49.00546,9.06328,0.978747
36,10:20:53,49.00516,9.06314,0.97882336
36,10:20:54,49.00485,9.06303,0.97891426
36,10:20:55,49.00455,9.06298,0.9788244
36,10:20:56,49.00425,9.06298,0.9778771
36,10:20:57,49.00397,9.06304,0.9769994
36,10:20:58,49.00369,9.06315,0.9756661
36,10:20:59,49.00343,9.06331,0.97409165
36,10:21:00,49.00319,9.06352,0.9725977
36,10:21:01,49.00297,9.06378,0.9708567
36,10:21:02,49.00278,9.06407,0.96829545
36,10:21:03,49.00262,9.06442,0.967347
36,10:21:04,49.0025,9.06481,0.9660228
36,10:21:05,49.00243,9.06522,0.964648
36,10:21:07,49.00235,9.06608,0.9640848
36,10:21:08,49.00231,9.0665,0.9635083
36,10:21:09,49.00228,9.06691,0.964531
36,10:21:10,49.00224,9.06732,0.96655184
36,10:21:11,49.00221,9.06771,0.9703899
36,10:21:12,49.00216,9.0681,0.97341204
36,10:21:13,49.00212,9.06849,0.9761413
36,10:21:14,49.00209,9.06887,0.9781051
36,10:21:15,49.00205,9.06926,0.98018134
36,10:21:16,49.00203,9.06966,0.9816464
36,10:21:17,49.002,9.07006,0.983215
36,10:21:18,49.00198,9.07046,0.9830889
36,10:21:19,49.00196,9.07086,0.9851566
36,10:21:20,49.00194,9.07128,0.9862865
36,10:21:21,49.00192,9.0717,0.9877289
36,10:21:23,49.00187,9.07253,0.989401
36,10:21:24,49.00183,9.07295,0.98977166
36,10:21:25,49.00178,9.07337,0.9905688
36,10:21:26,49.00174,9.07379,0.9908711
36,10:21:27,49.0017,9.07422,0.99225974
36,10:21:28,49.00165,9.07466,0.9920244
36,10:21:29,49.00163,9.07509,0.9891496
36,10:21:30,49.00162,9.07554,0.983416
36,10:21:31,49.00161,9.076,0.97911763
36,10:21:32,49.0016,9.07646,0.9627972
36,10:21:33,49.00157,9.0769,0.9214136
36,10:21:34,49.00153,9.07734,0.6748598
36,10:21:35,49.00149,9.07778,0.6110351
36,10:21:36,49.00145,9.07822,0.42018837
36,10:21:37,49.00139,9.07865,0.20543946
36,10:21:39,49.00129,9.07947,0.09744115
36,10:21:40,49.00126,9.07988,0.06034847
36,10:21:41,49.00124,9.08029,0.03471034
36,10:21:42,49.00121,9.08068,0.018277882
36,10:21:42,49.00121,9.08068,0.018277882
36,10:21:43,49.00119,9.08107,0.009154035
36,10:21:44,49.00115,9.08145,0.0049766116
36,10:21:45,49.00112,9.0818,0.0027050583
36,10:21:46,49.00109,9.08214,0.0015523466
36,10:21:47,49.00106,9.08246,0.00082729274
36,10:21:48,49.00102,9.08275,0.00055404805
36,10:21:49,49.001,9.08302,0.00032512666
36,10:21:50,49.00098,9.08326,0.00028464114
36,10:21:51,49.00095,9.08349,0.00024445995
36,10:21:52,49.00093,9.08369,0.00018790113
36,10:21:53,49.00091,9.08386,0.000111172136
36,10:21:55,49.00086,9.0841,4.4647037e-05
36,10:21:56,49.00084,9.08418,2.9717234e-05
36,10:21:57,49.00082,9.08424,1.8226812e-05
36,10:21:58,49.00081,9.08428,1.1587181e-05
36,10:21:59,49.00079,9.08431,9.172864e-06
36,10:22:00,49.00078,9.08433,6.583184e-06
36,10:22:01,49.00078,9.08434,5.182131e-06
51,15:32:33,48.99512,9.07208,0.38731974
51,15:32:35,48.99529,9.07119,0.45181343
51,15:32:36,48.99535,9.07072,0.4838992
51,15:32:37,48.99536,9.07023,0.43881294
51,15:32:38,48.99533,9.06975,0.42855033
51,15:32:39,48.99526,9.06926,0.40864444
51,15:32:40,48.99514,9.06878,0.39184597
51,15:32:41,48.99498,9.06834,0.39065307
51,15:32:42,48.99478,9.06793,0.4008901
51,15:32:43,48.99456,9.06757,0.3931132
51,15:32:44,48.99431,9.06726,0.36352104
51,15:32:45,48.99404,9.06702,0.35059223
51,15:32:46,48.99376,9.06685,0.3401096
51,15:32:47,48.99347,9.06675,0.33264107
51,15:32:48,48.99319,9.06672,0.3164768
51,15:32:49,48.99293,9.06675,0.3000459
51,15:32:51,48.99244,9.06702,0.28206888
51,15:32:52,48.99225,9.06725,0.2752669
51,15:32:53,48.9921,9.06752,0.27314642
51,15:32:55,48.99195,9.06813,0.24110045
51,15:32:56,48.99195,9.06843,0.2094827
51,15:32:59,48.9922,9.06922,0.17456645
51,15:33:01,48.99252,9.06958,0.17180751
51,15:33:02,48.99271,9.0697,0.17941515
51,15:33:03,48.99292,9.06978,0.18000208
51,15:33:04,48.99316,9.06983,0.18876693
51,15:33:05,48.9934,9.06983,0.14605662
51,15:33:07,48.99389,9.0697,0.18444774
51,15:33:08,48.99413,9.06956,0.17763807
51,15:33:09,48.99436,9.0694,0.2268973
51,15:33:10,48.99459,9.06918,0.213555
51,15:33:11,48.9948,9.06893,0.29261056
51,15:33:12,48.99499,9.06865,0.28069073
51,15:33:13,48.99517,9.06833,0.39619046
51,15:33:14,48.99534,9.06798,0.40361786
51,15:33:15,48.99548,9.06759,0.45288384
51,15:33:16,48.99559,9.06716,0.600474
51,15:33:17,48.99568,9.0667,0.5671358
51,15:33:18,48.99574,9.06622,0.6406936
51,15:33:19,48.99576,9.06572,0.6264775
51,15:33:20,48.99573,9.06521,0.60205996
51,15:33:23,48.99537,9.06383,0.6225923
51,15:34:39,48.99448,9.08407,0.8997257
51,15:34:40,48.99446,9.08438,0.9018752
51,15:34:41,48.99444,9.08468,0.9020798
51,15:34:43,48.99441,9.08529,0.88608176
51,15:34:44,48.9944,9.08559,0.9002402
51,15:34:45,48.99439,9.08589,0.912929
51,15:34:46,48.99439,9.08619,0.90010643
51,15:34:47,48.99438,9.0865,0.9097782
51,15:34:48,48.99438,9.08682,0.91249686
51,15:34:49,48.99437,9.08713,0.91894835
51,15:34:50,48.99436,9.08746,0.9304825
51,15:34:51,48.99435,9.08778,0.92797804
51,15:34:52,48.99434,9.0881,0.9269197
51,15:34:53,48.99433,9.08843,0.90740955
51,15:34:54,48.99432,9.08875,0.90354955
51,15:34:55,48.99432,9.08907,0.9039241
51,15:34:56,48.99431,9.08939,0.90068257
51,15:34:57,48.99429,9.08972,0.90533143
51,15:34:59,48.99425,9.09038,0.9100315
51,15:35:00,48.99423,9.09072,0.9152384
51,15:35:01,48.99421,9.09106,0.9218201
51,15:35:02,48.99419,9.0914,0.9245312
51,15:35:03,48.99417,9.09173,0.92548496
51,15:35:04,48.99414,9.09207,0.9263029
51,15:35:05,48.99412,9.0924,0.9257747
51,15:35:06,48.9941,9.09273,0.92549676
51,15:35:07,48.99408,9.09305,0.9265441
51,15:35:08,48.99406,9.09337,0.9307339
51,15:35:09,48.99404,9.09369,0.9360632
51,15:35:10,48.99403,9.09401,0.9322312
51,15:35:11,48.99401,9.09432,0.93329495
51,15:35:12,48.99399,9.09465,0.93977743
51,15:35:13,48.99397,9.09498,0.9477381
51,15:35:15,48.99397,9.09565,0.9546667
51,15:35:16,48.994,9.09599,0.9506343
51,15:35:17,48.99407,9.09631,0.94426423
51,15:35:18,48.99418,9.09662,0.9366812
51,15:35:19,48.99432,9.09689,0.93235004
51,15:35:20,48.99448,9.09712,0.928601
51,15:35:21,48.99468,9.0973,0.92364097
51,15:35:22,48.99488,9.09744,0.9224141
51,15:35:23,48.9951,9.09754,0.9222385
51,15:35:24,48.99533,9.09762,0.9244167
51,15:35:25,48.99555,9.09768,0.92635715
51,15:35:26,48.99578,9.09773,0.9266586
51,15:35:27,48.99601,9.09777,0.93064916
51,15:35:28,48.99624,9.09785,0.94013083
51,15:35:29,48.99646,9.09794,0.94700456
51,15:35:31,48.99689,9.09818,0.958027
51,15:35:32,48.9971,9.09832,0.96572816
51,15:35:33,48.99732,9.09847,0.9689658
51,15:35:34,48.99754,9.09862,0.9724388
51,15:35:35,48.99775,9.09877,0.9760448
51,15:35:36,48.99798,9.0989,0.979289
51,15:35:37,48.99822,9.09902,0.98073816
51,15:35:38,48.99847,9.0991,0.9818325
51,15:35:39,48.99873,9.09913,0.9819942
51,15:35:40,48.999,9.0991,0.97148895
51,15:35:42,48.99952,9.09882,0.96375155
51,15:35:43,48.99974,9.09857,0.9634161
51,15:35:44,48.99992,9.09825,0.9604173
51,15:35:45,49.00005,9.09787,0.9661959
51,15:35:45,49.00005,9.09787,0.9661959
51,15:35:47,49.00022,9.09702,0.97231305
51,15:35:48,49.00028,9.09658,0.97092444
51,15:35:49,49.00032,9.09612,0.97568434
51,15:35:50,49.00036,9.09565,0.97456914
51,15:35:51,49.00037,9.09518,0.9787014
51,15:35:52,49.00038,9.09469,0.9771578
51,15:35:53,49.00037,9.0942,0.9790585
51,15:35:54,49.00036,9.09371,0.9730342
51,15:35:55,49.00035,9.09322,0.96820015
51,15:35:56,49.00035,9.09273,0.9470598
51,15:35:57,49.00036,9.09223,0.9049676
51,15:35:58,49.00038,9.09174,0.8219502
51,15:35:59,49.00041,9.09124,0.7982192
51,15:36:00,49.00044,9.09075,0.7043889
51,15:36:01,49.00048,9.09027,0.51706225
51,15:36:03,49.00059,9.08934,0.25836453
51,15:36:04,49.00065,9.08887,0.19498688
51,15:36:05,49.00069,9.08842,0.10083313
51,15:36:06,49.00073,9.08795,0.06453047
51,15:36:07,49.00077,9.0875,0.02887082
51,15:36:08,49.0008,9.08704,0.016281448
51,15:36:09,49.00083,9.08659,0.0062003606
51,15:36:10,49.00086,9.08615,0.00362429
51,15:36:11,49.00088,9.08572,0.0013678663
51,15:36:12,49.00092,9.0853,0.0008066315
51,15:36:13,49.00095,9.0849,0.00027960652
51,15:36:14,49.00098,9.08452,0.00026218782
51,15:36:15,49.00101,9.08414,0.000249673
51,15:36:16,49.00104,9.08379,9.704737e-05
51,15:36:17,49.00107,9.08345,6.611327e-05
51,15:36:17,49.00107,9.08345,6.611327e-05
51,15:36:19,49.00112,9.08282,1.680311e-05
51,15:36:20,49.00114,9.08253,7.62222e-06
51,15:36:21,49.00117,9.08226,5.82535e-06
51,15:36:22,49.00119,9.082,2.5997438e-06
51,15:36:23,49.00121,9.08176,1.9608794e-06
51,15:36:24,49.00122,9.08154,9.257522e-07
51,15:36:25,49.00124,9.08133,7.889337e-07
51,15:36:26,49.00126,9.08113,3.9127056e-07
51,15:36:27,49.00128,9.08095,3.179154e-07
51,15:36:28,49.00131,9.08078,1.5632769e-07
51,15:36:29,49.00134,9.08063,1.2868894e-07
51,15:36:30,49.00137,9.08049,1.2491553e-07
51,15:36:31,49.0014,9.08037,1.3037922e-07
51,15:36:32,49.00143,9.08025,1.2489444e-07
51,15:36:33,49.00145,9.08014,7.947842e-08
51,15:36:35,49.00149,9.07998,3.9481492e-08
51,15:36:36,49.00151,9.07992,4.5060734e-08
51,15:36:37,49.00152,9.07988,2.35398e-08
51,15:36:38,49.00152,9.07986,2.6658624e-08
51,15:36:39,49.00153,9.07986,1.9051987e-08
51,15:36:40,49.00153,9.07986,1.2463465e-08
58,10:24:56,48.99496,9.08562,0.041551422
58,10:24:57,48.99481,9.08593,0.038567383
58,10:24:58,48.99463,9.08622,0.035390966
58,10:25:00,48.99417,9.08664,0.03690405
58,10:25:01,48.9939,9.08674,0.037318278
58,10:25:01,48.9939,9.08674,0.037318278
58,10:25:02,48.99362,9.08677,0.04002194
58,10:25:03,48.99333,9.0867,0.03800458
58,10:25:04,48.99306,9.08652,0.03508191
58,10:25:05,48.99282,9.08624,0.035815787
58,10:25:07,48.99248,9.08542,0.043315113
58,10:25:08,48.9924,9.08495,0.060921416
58,10:25:09,48.99235,9.08447,0.07264485
58,10:25:10,48.99232,9.08399,0.08781813
58,10:25:11,48.99231,9.0835,0.10760591
58,10:25:12,48.99229,9.08302,0.11077518
58,10:25:13,48.99229,9.08255,0.10471796
58,10:25:14,48.99228,9.08208,0.10574939
58,10:25:15,48.99228,9.08162,0.10861288
58,10:25:16,48.99228,9.08116,0.112857044
58,10:25:17,48.99227,9.08072,0.12007485
58,10:25:18,48.99226,9.08028,0.11887051
58,10:25:19,48.99226,9.07983,0.11916798
58,10:25:20,48.99226,9.0794,0.12634929
58,10:25:23,48.99231,9.07809,0.15220045
58,10:25:24,48.99234,9.07765,0.1693563
58,10:25:25,48.99236,9.0772,0.18343206
58,10:25:27,48.99241,9.07632,0.19564359
58,10:25:28,48.99243,9.07587,0.20837693
58,10:25:29,48.99245,9.07542,0.19774751
58,10:25:30,48.99246,9.07497,0.20131883
58,10:25:31,48.99246,9.07452,0.20376511
58,10:25:33,48.99244,9.07364,0.21069352
58,10:25:34,48.99242,9.07321,0.21895492
58,10:25:35,48.99241,9.07276,0.21016063
58,10:25:36,48.99239,9.07233,0.22112922
58,10:25:37,48.99238,9.07189,0.24758573
58,10:25:39,48.99236,9.071,0.26852086
58,10:25:40,48.99235,9.07056,0.28356394
58,10:25:41,48.99233,9.07012,0.29891825
58,10:25:42,48.99232,9.06967,0.3181688
58,10:25:43,48.9923,9.06922,0.32182473
58,10:25:44,48.99228,9.06878,0.32650915
58,10:25:45,48.99228,9.06834,0.35008785
58,10:25:46,48.99227,9.0679,0.356795
58,10:25:47,48.99227,9.06745,0.36993584
58,10:25:48,48.99228,9.067,0.37256542
58,10:25:49,48.99229,9.06656,0.3704643
58,10:25:50,48.99231,9.06613,0.3720458
58,10:25:51,48.99235,9.06569,0.36783993
58,10:25:55,48.99269,9.06408,0.316759
58,10:25:56,48.99283,9.06374,0.27560088
58,10:25:57,48.99301,9.06344,0.21662402
58,10:25:58,48.9932,9.0632,0.16912611
58,10:25:59,48.99341,9.06304,0.14588276
58,10:26:00,48.99363,9.06294,0.13744304
58,10:26:01,48.99384,9.06292,0.12807804
58,10:26:02,48.99406,9.06296,0.104237035
58,10:26:03,48.99427,9.06307,0.09203107
58,10:26:04,48.99446,9.06324,0.091581844
58,10:26:05,48.99463,9.06345,0.09005593
58,10:26:07,48.99487,9.06405,0.11065174
58,10:26:08,48.99494,9.0644,0.13722609
58,10:26:09,48.99497,9.06478,0.1708754
58,10:26:11,48.99492,9.06556,0.27745578
58,10:26:12,48.99485,9.06595,0.47013712
58,10:26:13,48.99476,9.06635,0.65850633
58,10:26:14,48.99467,9.06674,0.72011036
58,10:26:15,48.99457,9.06713,0.72690386
58,10:26:16,48.99446,9.06753,0.72412443
58,10:26:17,48.99436,9.06792,0.7234568
58,10:26:18,48.99426,9.06832,0.7063845
58,10:26:19,48.99415,9.0687,0.71529114
58,10:26:20,48.99405,9.06908,0.73182774
58,10:26:21,48.99394,9.06945,0.7003352
58,10:26:22,48.99383,9.06983,0.685056
58,10:26:23,48.99373,9.0702,0.6777181
58,10:26:24,48.99363,9.07057,0.6859111
58,10:26:25,48.99352,9.07094,0.7093713
58,10:26:27,48.9933,9.07166,0.69371724
58,10:26:28,48.99318,9.07203,0.7000765
58,10:26:29,48.99307,9.07238,0.7202823
58,10:26:30,48.99296,9.07275,0.7426607
58,10:26:31,48.99286,9.0731,0.732584
58,10:26:32,48.99276,9.07347,0.7393417
58,10:26:33,48.99267,9.07383,0.72256416
58,10:26:34,48.99258,9.0742,0.7105964
58,10:26:35,48.9925,9.07456,0.7188982
58,10:26:36,48.9924,9.07493,0.7319928
58,10:26:37,48.99231,9.07528,0.74674475
58,10:26:38,48.99221,9.07564,0.72706383
58,10:26:39,48.99211,9.07599,0.74333006
58,10:26:40,48.99201,9.07635,0.76085055
58,10:26:41,48.99192,9.07671,0.7754602
58,10:26:43,48.99176,9.07745,0.7681754
58,10:26:44,48.99169,9.07783,0.77894217
58,10:26:45,48.99163,9.07821,0.79519606
58,10:26:46,48.99156,9.07859,0.8078722
58,10:26:47,48.99149,9.07899,0.81958604
58,10:26:48,48.99141,9.07938,0.83783704
58,10:26:49,48.99133,9.07976,0.85173905
58,10:26:50,48.99124,9.08015,0.8556029
58,10:26:51,48.99116,9.08054,0.8669125
58,10:26:51,48.99116,9.08054,0.8669125
58,10:26:52,48.99107,9.08092,0.8558406
58,10:26:53,48.99098,9.08129,0.8555805
58,10:26:54,48.99089,9.08167,0.8568897
58,10:26:55,48.9908,9.08204,0.8606213
58,10:26:57,48.99062,9.08279,0.8717805
58,10:26:59,48.99045,9.08356,0.89318466
58,10:27:00,48.99036,9.08395,0.90472156
58,10:27:01,48.99028,9.08434,0.9095528
58,10:27:02,48.99021,9.08475,0.91062766
58,10:27:03,48.99015,9.08514,0.9150555
58,10:27:04,48.9901,9.08555,0.9199544
58,10:27:05,48.99007,9.08596,0.9249442
58,10:27:06,48.99005,9.08637,0.9267568
58,10:27:07,48.99004,9.08679,0.92846453
58,10:27:08,48.99004,9.08721,0.9332128
58,10:27:09,48.99004,9.08763,0.93754023
58,10:27:09,48.99004,9.08763,0.93754023
58,10:27:10,48.99006,9.08806,0.93684864
58,10:27:11,48.99008,9.08848,0.93705004
58,10:27:12,48.9901,9.08891,0.94145703
58,10:27:13,48.99013,9.08934,0.945198
58,10:27:15,48.99019,9.0902,0.95319986
58,10:27:16,48.99022,9.09062,0.95717263
58,10:27:17,48.99025,9.09106,0.96002436
58,10:27:17,48.99025,9.09106,0.96002436
58,10:27:18,48.99028,9.09149,0.96124846
58,10:27:19,48.99031,9.09191,0.9616319
58,10:27:20,48.99033,9.09233,0.9621664
58,10:27:21,48.99036,9.09274,0.9629957
58,10:27:22,48.9904,9.09315,0.9647787
58,10:27:23,48.99044,9.09356,0.9665048
58,10:27:24,48.99051,9.09396,0.9668042
58,10:27:25,48.9906,9.09434,0.96645975
58,10:27:26,48.99072,9.09469,0.96141934
58,10:27:27,48.99087,9.09503,0.9612188
58,10:27:28,48.99104,9.09534,0.9603595
58,10:27:31,48.99162,9.09616,0.9596329
58,10:27:32,48.99183,9.09642,0.9607025
58,10:27:32,48.99183,9.09642,0.9607025
58,10:27:33,48.99204,9.09665,0.9611537
58,10:27:34,48.99226,9.09688,0.9619304
58,10:27:35,48.99248,9.09709,0.96208125
58,10:27:36,48.9927,9.0973,0.9621175
58,10:27:37,48.99291,9.09749,0.96262044
58,10:27:38,48.99312,9.09768,0.9632199
58,10:27:39,48.99333,9.09787,0.96512747
58,10:27:40,48.99354,9.09805,0.9675033
58,10:27:41,48.99376,9.09823,0.9690268
58,10:27:42,48.99397,9.0984,0.9669466
58,10:27:43,48.99419,9.09856,0.96691275
58,10:27:44,48.99442,9.09871,0.96795285
58,10:27:47,48.99509,9.09913,0.9724303
58,10:27:48,48.99531,9.09926,0.97461176
58,10:27:49,48.99553,9.09939,0.97629654
58,10:27:50,48.99576,9.09952,0.9779533
58,10:27:51,48.99599,9.09962,0.9790402
58,10:27:52,48.99623,9.09971,0.9834794
58,10:27:53,48.99646,9.09979,0.9849846
58,10:27:54,48.99669,9.09984,0.9855093
58,10:27:55,48.99693,9.09989,0.9864508
58,10:27:56,48.99717,9.09992,0.9859128
58,10:27:57,48.99741,9.09994,0.9862226
58,10:27:58,48.99766,9.09997,0.9853494
58,10:27:59,48.9979,9.09999,0.9854871
58,10:28:00,48.99815,9.10001,0.98633873
58,10:28:01,48.99839,9.10001,0.97408986
58,10:28:03,48.99889,9.09988,0.9802797
58,10:28:04,48.99912,9.09971,0.97621906
58,10:28:05,48.99932,9.09947,0.9781928
58,10:28:06,48.99949,9.09916,0.97448325
58,10:28:07,48.99962,9.09879,0.97934425
58,10:28:08,48.9997,9.09837,0.9755257
58,10:28:09,48.99976,9.09794,0.9815776
58,10:28:10,48.99982,9.0975,0.98421144
58,10:28:11,48.99986,9.09705,0.9800752
58,10:28:12,48.9999,9.0966,0.9839185
58,10:28:13,48.99994,9.09615,0.9802795
58,10:28:14,48.99997,9.0957,0.9823549
58,10:28:15,49.00002,9.09526,0.9810461
58,10:28:15,49.00002,9.09526,0.9810461
58,10:28:16,49.00005,9.09482,0.97583044
58,10:28:17,49.00008,9.09438,0.97892
58,10:28:19,49.00015,9.0935,0.9637419
58,10:28:20,49.00019,9.09306,0.95360494
58,10:28:20,49.00019,9.09306,0.95360494
58,10:28:21,49.00023,9.09264,0.91087484
58,10:28:22,49.00027,9.09222,0.8792821
58,10:28:23,49.0003,9.09179,0.7284925
58,10:28:24,49.00034,9.09138,0.63549525
58,10:28:25,49.00037,9.09095,0.41361222
58,10:28:26,49.00042,9.09053,0.32885075
58,10:28:27,49.00046,9.09011,0.21786566
58,10:28:28,49.00049,9.0897,0.18494955
58,10:28:29,49.00053,9.08929,0.13193487
58,10:28:30,49.00057,9.08889,0.12452138
58,10:28:31,49.0006,9.08849,0.121853486
58,10:28:32,49.00064,9.0881,0.09556568
58,10:28:33,49.00067,9.0877,0.030017853
58,10:28:35,49.00073,9.08692,0.007744382
58,10:28:36,49.00076,9.08654,0.0027821313
58,10:28:37,49.00079,9.08615,0.0015479303
58,10:28:38,49.00082,9.08577,0.00048520323
58,10:28:39,49.00085,9.08538,0.00027839062
58,10:28:40,49.00087,9.08501,8.489504e-05
58,10:28:40,49.00087,9.08501,8.489504e-05
58,10:28:41,49.00091,9.08465,5.2226464e-05
58,10:28:42,49.00094,9.0843,1.738455e-05
58,10:28:43,49.00097,9.08397,1.0943705e-05
58,10:28:44,49.00099,9.08365,4.22107e-06
58,10:28:45,49.00102,9.08335,6.2342924e-06
58,10:28:46,49.00105,9.08307,6.2499485e-06
58,10:28:47,49.00107,9.08281,6.2132685e-06
58,10:28:48,49.00108,9.08257,2.6800567e-06
58,10:28:49,49.0011,9.08234,1.932553e-06
58,10:28:51,49.00113,9.08194,6.8142066e-07
58,10:28:52,49.00114,9.08175,3.3112906e-07
58,10:28:53,49.00115,9.08158,2.7316523e-07
58,10:28:54,49.00117,9.08143,1.3957413e-07
58,10:28:55,49.00118,9.08129,1.26968e-07
58,10:28:56,49.00118,9.08116,6.7084095e-08
58,10:28:57,49.00118,9.08105,7.13419e-08
58,10:28:58,49.00118,9.08094,3.7280216e-08
58,10:28:59,49.00118,9.08085,3.4692228e-08
58,10:29:00,49.00117,9.08078,2.2252076e-08
58,10:29:01,49.00116,9.08071,1.1043724e-08
58,10:29:02,49.00115,9.08066,1.4576298e-08
58,10:29:03,49.00114,9.08062,1.4006424e-08
58,10:29:04,49.00114,9.08058,9.646996e-09
